"","obsid","cooks_distances"
"1","Republica Dominicana 2020 1",0.0766644009899783
"2","Costa Rica 2014 2",0.0598361546341013
"3","Republica Dominicana 2016 1",0.0445675214938249
"4","Brasil 2018 2",0.0439548313708454
"5","Ecuador 2017 2",0.0419618394038644
"6","Colombia 2018 2",0.0392789227519553
"7","Bolivia 2019 1",0.0356728610238796
"8","Honduras 1993 1",0.0313672078411777
"9","Peru 1990 2",0.0292625159799124
"10","Colombia 1998 1",0.028456785816294
