decada,n_debates_en_decada,pr_formatoduelo,pr_formatolibre,pr_formatoexpositivo,pr_formatomoderadores,pr_formatoperiodistas,pr_formatoexpertos,pr_formatosectores,pr_formatopresentes,pr_formatovirtuales
1960,1,100,NA,NA,NA,NA,NA,NA,NA,NA
1980,15,53.333333333333336,NA,NA,26.666666666666668,80,NA,NA,NA,NA
1990,21,33.33333333333333,4.761904761904762,4.761904761904762,23.809523809523807,57.14285714285714,NA,4.761904761904762,4.761904761904762,NA
2000,43,30.23255813953488,2.3255813953488373,11.627906976744185,34.883720930232556,27.906976744186046,6.976744186046512,2.3255813953488373,4.651162790697675,4.651162790697675
2010,174,39.08045977011494,14.942528735632186,6.321839080459771,56.896551724137936,25.287356321839084,9.195402298850574,9.770114942528735,2.2988505747126435,7.471264367816093
2020,81,28.39506172839506,19.753086419753085,8.641975308641975,72.8395061728395,16.049382716049383,7.4074074074074066,23.456790123456788,1.2345679012345678,3.7037037037037033
