decada,n_debates_en_decada,pr_temalibre,pr_temabloques,pr_temapuntuales,pr_temamonotema
1960,1,NA,100,NA,NA
1980,14,42.857142857142854,28.57142857142857,50,7.142857142857142
1990,13,30.76923076923077,7.6923076923076925,61.53846153846154,15.384615384615385
2000,43,18.6046511627907,32.55813953488372,58.139534883720934,9.30232558139535
2010,177,29.943502824858758,27.11864406779661,50.282485875706215,20.903954802259886
2020,76,27.631578947368425,34.21052631578947,56.57894736842105,17.105263157894736
